<?xml version="1.0" encoding="UTF-8" standalone="yes"?><javaScriptFFIContainer><namespaces name="NativeCalendar"><jsFunctions name="konyGetCalEvents"><mappings platformId="8"><nativeFunction className="NativeCalendarLib" frameworks="" library="AndroidNativeCalendarEvents.jar" name="getAllEvents" packageName="com.kony.sampleapps" static="false"><returnTypes>java.util.Vector</returnTypes><versionSpecificLibraries><entry><key>5.0</key></entry><entry><key>6.0</key></entry></versionSpecificLibraries></nativeFunction></mappings><returnTypes>Array</returnTypes></jsFunctions><jsFunctions name="konyGetCalEventsFor"><mappings platformId="8"><nativeFunction className="NativeCalendarLib" frameworks="" library="AndroidNativeCalendarEvents.jar" name="getEventsFor" packageName="com.kony.sampleapps" static="false"><params dataType="java.util.Vector"/><versionSpecificLibraries><entry><key>5.0</key></entry><entry><key>6.0</key></entry></versionSpecificLibraries></nativeFunction></mappings><params dataType="Array" name="datecomponents"/><returnTypes>Array</returnTypes></jsFunctions></namespaces></javaScriptFFIContainer>