{
    "createdVizVersion": "7.0.0",
    "watchos_longlooknotificationicon_42": "",
    "wap_android240_fontsize": "12",
    "mwaddrkey": "",
    "watchos_notificationcentericon_38": "",
    "createdgaversion": "7.0.0",
    "wap_android640_fontsize": "12",
    "ide_appEvents": {
        "mobile": {
            "preappinit": "AS_AppEvents_1651682981e8449c81a9a1f4307bd08c"
        }
    },
    "winmobileguidkey": "",
    "desktopwebbasefontsize": "12",
    "watchos_shortlooknotificationicon_42": "",
    "wap_spaandroidtab_fontsize": "12",
    "apppackagekey": "",
    "startupformkey": "frmCalendar",
    "wap_bb440_fontsize": "12",
    "wap_spaandroidtabldpi_fontsize": "12",
    "isA11yConfigEnabled": false,
    "wap_android480_fontsize": "12",
    "wap_spawindowstab_fontsize": "12",
    "defaulttheme": "defaultTheme",
    "wap_winphone320_fontsize": "12",
    "watchos_longlooknotificationicon_38": "",
    "watchos_notificationcentericon_42": "",
    "enableactionbar": false,
    "appmenu": {
        "focusSkin": null,
        "osVersion": "iOS7",
        "tablet": {
            "data": [
                {
                    "id": "appmenuitemid1",
                    "icon": {
                        "default": "option1.png"
                    },
                    "title": "Item 1",
                    "windows8": {
                        "position": "BOTTOM_LEFT",
                        "appBarButtonStyle": "No Style"
                    },
                    "kuid": "55b457510caf4e338927d5921a8ffd8a",
                    "android": {
                        "showAsFlag": 0
                    }
                },
                {
                    "id": "appmenuitemid2",
                    "icon": {
                        "default": "option2.png"
                    },
                    "title": "Item 2",
                    "windows8": {
                        "position": "BOTTOM_LEFT",
                        "appBarButtonStyle": "No Style"
                    },
                    "kuid": "2b59215e344a451fbec65bf017d3894b",
                    "android": {
                        "showAsFlag": 0
                    }
                },
                {
                    "id": "appmenuitemid3",
                    "icon": {
                        "default": "option3.png"
                    },
                    "title": "Item 3",
                    "windows8": {
                        "position": "BOTTOM_LEFT",
                        "appBarButtonStyle": "No Style"
                    },
                    "kuid": "3c24a15772734cb88256d82fa4500282",
                    "android": {
                        "showAsFlag": 0
                    }
                },
                {
                    "id": "appmenuitemid4",
                    "icon": {
                        "default": "option4.png"
                    },
                    "title": "Item 4",
                    "windows8": {
                        "position": "BOTTOM_LEFT",
                        "appBarButtonStyle": "No Style"
                    },
                    "kuid": "1f1c311aa8d448e3b51a4cf28c9652c4",
                    "android": {
                        "showAsFlag": 0
                    }
                }
            ]
        },
        "wType": "Appmenu",
        "focusskin": null,
        "context": {
            "platform": "iphone",
            "channel": "mobile"
        },
        "osPlatform": "",
        "desktop": {
            "data": [
                {
                    "id": "appmenuitemid1",
                    "icon": {
                        "default": "option1.png"
                    },
                    "title": "Item 1",
                    "kuid": "d7cc4874f88a4bbba2b7d7c83a4aded5"
                },
                {
                    "id": "appmenuitemid2",
                    "icon": {
                        "default": "option2.png"
                    },
                    "title": "Item 2",
                    "kuid": "7b666a0468d74075ac840fc3ccac5f8b"
                },
                {
                    "id": "appmenuitemid3",
                    "icon": {
                        "default": "option3.png"
                    },
                    "title": "Item 3",
                    "kuid": "e45258066dc74fb6850a34bab89b42cc"
                },
                {
                    "id": "appmenuitemid4",
                    "icon": {
                        "default": "option4.png"
                    },
                    "title": "Item 4",
                    "kuid": "08d87c8455a54c2ba2db670ed5802ea6"
                }
            ]
        },
        "skin": null,
        "mobile": {
            "data": [
                {
                    "id": "appmenuitemid1",
                    "icon": {
                        "default": "option1.png"
                    },
                    "title": "Item 1",
                    "android": {
                        "showAsFlag": 0
                    },
                    "kuid": "e8c6d85a2ac54b2ea6f3bb0e4b0c89d6"
                },
                {
                    "id": "appmenuitemid2",
                    "icon": {
                        "default": "option2.png"
                    },
                    "title": "Item 2",
                    "android": {
                        "showAsFlag": 0
                    },
                    "kuid": "4383833fc73f4a5daa1a453652b8a394"
                },
                {
                    "id": "appmenuitemid3",
                    "icon": {
                        "default": "option3.png"
                    },
                    "title": "Item 3",
                    "android": {
                        "showAsFlag": 0
                    },
                    "kuid": "9e94c8bfe74747a4a1e809765d8da805"
                },
                {
                    "id": "appmenuitemid4",
                    "icon": {
                        "default": "option4.png"
                    },
                    "title": "Item 4",
                    "android": {
                        "showAsFlag": 0
                    },
                    "kuid": "50af7d57c4134247a6a3414abdc41b0a"
                }
            ]
        }
    },
    "wap_android360_fontsize": "12",
    "project.type": "js",
    "appversionkey": "1.0.0",
    "mwportkey": "",
    "wap_bb400_fontsize": "12",
    "isNewAppWithRespectToAndroidPackageName": "",
    "build": "debug",
    "wap_android320_fontsize": "12",
    "statusBarHidden": "false",
    "wap_winphone480_fontsize": "12",
    "wap_bb240_fontsize": "12",
    "wap_bb480_fontsize": "12",
    "wap_spaandroidtabmdpi_fontsize": "12",
    "wap_bb320_fontsize": "12",
    "project_version": "sprint22",
    "wap_android400_fontsize": "12",
    "appaddrkey": "",
    "wap_ip_fontsize": "12",
    "watchos_shortlooknotificationicon_38": "",
    "appidkey": "SreeniFFICalendar",
    "currentgaversion": "7.0.0",
    "mwhttpsportkey": "",
    "vendornamekey": "KonyLabs",
    "konyVizVersion": "7.0.0",
    "appnamekey": "FFICalendarEvent",
    "APPLICATION_THEME": "default",
    "wap_spaipad_fontsize": "12",
    "wap_android440_fontsize": "12",
    "wap_spaandroidtabhdpi_fontsize": "12",
    "nativeContainerProperties": {
        "isModified": false,
        "isEnableJSContainer": false,
        "isEnableJSContainerAndroid": false,
        "isEnableJSContaineriOS": false
    },
    "wap_bb360_fontsize": "12"
}