<application id="FFICalendarEvent" name="FFICalendarEvent" ffixmlversion="2.0" language="js"><jsnamespace namespace="NativeCalendar" iphoneheaders="" ipadheaders=""><jsclasses></jsclasses><jsfunctions><jsfunction name="konyGetCalEvents" returntype="Array"><params></params><mappings><mapping platform="android" library="AndroidNativeCalendarEvents.jar" namespace="com.kony.sampleapps" class="NativeCalendarLib" static="true" method="getAllEvents" returntype="java.util.Vector"  frameworks=""><params></params></mapping></mappings></jsfunction><jsfunction name="konyGetCalEventsFor" returntype="Array"><params><param name="datecomponents" type="Array"/></params><mappings><mapping platform="android" library="AndroidNativeCalendarEvents.jar" namespace="com.kony.sampleapps" class="NativeCalendarLib" static="true" method="getEventsFor" returntype="java.util.Vector"  frameworks=""><params><param type="java.util.Vector"/></params></mapping></mappings></jsfunction></jsfunctions></jsnamespace></application>