{
    "DNDConfig": null,
    "_height_": {
        "type": "string",
        "value": "20%"
    },
    "_margin_": [
        0,
        0,
        0,
        0
    ],
    "_orientation_": 6,
    "_padding_": [
        0,
        0,
        0,
        0
    ],
    "_percent_": true,
    "_skin_": "s3296dc818a5454fbf9d0ba22612b58f",
    "allboxes": [],
    "autogrowmode": 0,
    "canUpdateUI": true,
    "children": [
        "lblEvtTitle",
        "lblEvtStartTime",
        "lblEvtEndTime"
    ],
    "clipbounds": true,
    "containerId": true,
    "containerweight": 100,
    "enablescrolling": true,
    "id": "FlexContainer01f4b736774bf47",
    "info": null,
    "isTemplate": true,
    "isvisible": true,
    "kuid": "2409388d740e4fc184d065fd3cd6fccf",
    "layouttype": 4,
    "name": "kony.ui.FlexContainer",
    "parent": "templateSegmenCalEvts",
    "pf": "templateSegmenCalEvts",
    "snapgridsize": 10,
    "snaptogrid": true,
    "wType": "FlexContainer",
    "widgetalignment": 1
}