{
    "@class": "com.kony.gen.viz.model.component.KVizButton",
    "DNDConfig": null,
    "__parentReadjusting__": false,
    "_height_": {
        "type": "string",
        "value": "10%"
    },
    "_left_": {
        "type": "string",
        "value": "0dp"
    },
    "_margin_": [
        6,
        6,
        6,
        6
    ],
    "_padding_": [
        0,
        0,
        0,
        0
    ],
    "_skin_": "s4727b73b3ef4ae49c2a6c9c0576b1e4",
    "_text_": "Refresh Calendar Events",
    "_top_": {
        "type": "string",
        "value": "0%"
    },
    "_width_": {
        "type": "string",
        "value": "100%"
    },
    "canUpdateUI": true,
    "containerweight": 100,
    "contentalignment": 5,
    "displaytext": true,
    "focusskin": "s123cc4f1c6142a19822c6f2544743a1",
    "id": "Button069c459a5335c48",
    "ide_onClick": "AS_Button_e9027611aa1346e3b0a5d3cdbd6233ac",
    "info": null,
    "isvisible": true,
    "kuid": "a8d7f2de2ab4423eb714fdcc4b46ddda",
    "name": "kony.ui.Button",
    "parent": "frmHome",
    "pf": "frmHome",
    "wType": "Button",
    "zindex": 1
}