{
    "@class": "com.kony.gen.viz.model.component.KVizDateField",
    "DNDConfig": null,
    "Image": "calbtn.png",
    "__parentReadjusting__": false,
    "_data_": null,
    "_date_": "10/3/2016",
    "_height_": {
        "type": "string",
        "value": "60%"
    },
    "_left_": {
        "type": "string",
        "value": "0dp"
    },
    "_margin_": [
        0,
        0,
        0,
        0
    ],
    "_padding_": [
        0,
        0,
        0,
        0
    ],
    "_skin_": "s92f9de0b6b540dbabec0c51e1a86f59",
    "_top_": {
        "type": "string",
        "value": "0dp"
    },
    "_width_": {
        "type": "string",
        "value": "100%"
    },
    "advview": "onscreen",
    "calendaricon": "calbtn.png",
    "canUpdateUI": true,
    "containerweight": 100,
    "contentalignment": 5,
    "datecomponents": [
        10,
        3,
        2016,
        0,
        0,
        0
    ],
    "dateeditable": true,
    "dateformat": "dd/MM/yyyy",
    "day": 10,
    "daytextalignmentincell": 5,
    "format": "dd/MM/yyyy",
    "formatteddate": "10/03/2016",
    "hidedaysheader": false,
    "hidemonthsheader": false,
    "hour": 0,
    "id": "calEvt",
    "ide_onSelection": "AS_Calendar_753db2e6b7884ceca137266bd6f8140a",
    "info": null,
    "isvisible": true,
    "kuid": "23e08ae5bf5041de98f8a977423ac6e9",
    "minutes": 0,
    "month": 3,
    "name": "kony.ui.Calendar",
    "noofmonths": 1,
    "pagedate": "/2016",
    "parent": "frmCalendar",
    "pf": "frmCalendar",
    "seconds": 0,
    "selectdate": "//2016",
    "viewtype": "onscreen",
    "wType": "Calendar",
    "widgetalignment": 5,
    "year": 2016
}