{
    "@class": "com.kony.gen.viz.model.container.KVizSegment2",
    "DNDConfig": null,
    "__parentReadjusting__": false,
    "_data_": [
        {
            "lblEndTime": {
                "@class": "com.viz.ide.model.segment.SimpleTextSegmentData",
                "text": ""
            },
            "lblLocation": {
                "@class": "com.viz.ide.model.segment.SimpleTextSegmentData",
                "text": ""
            },
            "lblStartTime": {
                "@class": "com.viz.ide.model.segment.SimpleTextSegmentData",
                "text": ""
            },
            "lblTitle": {
                "@class": "com.viz.ide.model.segment.SimpleTextSegmentData",
                "text": ""
            }
        }
    ],
    "_height_": {
        "type": "string",
        "value": "100%"
    },
    "_indicator_": "none",
    "_left_": {
        "type": "string",
        "value": "0dp"
    },
    "_margin_": [
        0,
        0,
        0,
        0
    ],
    "_orientation_": 2,
    "_padding_": [
        0,
        0,
        0,
        0
    ],
    "_top_": {
        "type": "string",
        "value": "0dp"
    },
    "_width_": {
        "type": "string",
        "value": "100%"
    },
    "autogrowmode": 0,
    "canUpdateUI": true,
    "containerweight": 100,
    "counter": "00",
    "focusedindex": null,
    "focuseditem": null,
    "groupcells": false,
    "hasSections": false,
    "id": "segCalEvtsForGridView",
    "info": null,
    "ipad": {
        "psp": {
            "indicator": "rowselect"
        }
    },
    "iphone": {
        "psp": {
            "indicator": "rowselect"
        }
    },
    "isvisible": true,
    "kuid": "48ec1f643dd94f4bb3fbbee49d5e3d7d",
    "masterdata": {},
    "name": "kony.ui.SegmentedUI2",
    "needpageindicator": true,
    "pageoffdotimage": "pageOffDot.png",
    "pageondotimage": "pageOnDot.png",
    "paginationconfig": {
        "position": "bottom"
    },
    "parent": "FlexGroup0c582c33c081f4d",
    "pf": "frmCalendar",
    "retainselection": false,
    "rowTemplateId": "d76c8259eee94e968ed541bdf9d00ab3",
    "rowcounter": 0,
    "rowfocusskin": "sb436c48267c486bb1dc3dda08c5be22",
    "rowskin": "s29d9fb697b644a6a7723eb6a5d2f6e8",
    "rowtemplate": "FlexContainer0866fa824cb7e4b",
    "screenlevelwidget": false,
    "seccounter": 0,
    "sectionheaderskin": "s423bf9dcaf5406ca40f5c7e90b3be02",
    "selectedRows": null,
    "selectedState": false,
    "selectedindex": null,
    "selectedindices": null,
    "selecteditems": null,
    "selectedsectionindex": 0,
    "selectionbehavior": "default",
    "separatorcolor": "64646400",
    "separatorrequired": true,
    "separatorthickness": 1,
    "showscrollbars": false,
    "viewtype": "tableview",
    "wType": "Segment",
    "widgetalignment": 5,
    "widgetdatamap": {
        "FlexContainer05615ddcd057444": "FlexContainer05615ddcd057444",
        "FlexContainer0866fa824cb7e4b": "FlexContainer0866fa824cb7e4b",
        "FlexContainer0f7cb8d372dce42": "FlexContainer0f7cb8d372dce42",
        "lblEndTime": "lblEndTime",
        "lblLocation": "lblLocation",
        "lblStartTime": "lblStartTime",
        "lblTitle": "lblTitle"
    },
    "zindex": 1
}