{
    "AS_Button_e9027611aa1346e3b0a5d3cdbd6233ac": {
        "id": "AS_Button_e9027611aa1346e3b0a5d3cdbd6233ac",
        "type": "ACTION_SEQUENCE",
        "params": [{
            "datatype": "collection",
            "name": "eventobject"
        }],
        "contextObj": {
            "name": "frmHome",
            "type": "forms",
            "platform": "",
            "KUID": "9fce8775b7244133ae30f68b61418bc2"
        },
        "actions": [{
            "id": "INVOKE_FUNCTION___c7e13fa324fb4f3997f533056f4ba81f",
            "type": "INVOKE_FUNCTION",
            "sequenceKUID": "invokeFFI",
            "display": "invokeFFI",
            "inputparams": [],
            "parentId": null,
            "callbackType": null
        }]
    }
}