{
    "AS_Calendar_753db2e6b7884ceca137266bd6f8140a": {
        "id": "AS_Calendar_753db2e6b7884ceca137266bd6f8140a",
        "type": "ACTION_SEQUENCE",
        "params": [{
            "datatype": "collection",
            "name": "eventobject"
        }, {
            "datatype": "boolean",
            "name": "isValidDateSelected"
        }],
        "contextObj": {
            "name": "frmCalendar",
            "type": "forms",
            "platform": null,
            "KUID": "ec00a85f6bc3463595dd567e10f739cd"
        },
        "actions": [{
            "id": "INVOKE_FUNCTION___6664d1bb148f48a48db2b69773db6a7f",
            "type": "INVOKE_FUNCTION",
            "sequenceKUID": "showEventsForSelectedDate",
            "display": "showEventsForSelectedDate",
            "inputparams": [],
            "parentId": null,
            "callbackType": null
        }]
    }
}