{
    "AS_Form_a4e7a702f26a4bed8d43ee3f783d5506": {
        "id": "AS_Form_a4e7a702f26a4bed8d43ee3f783d5506",
        "type": "ACTION_SEQUENCE",
        "params": [{
            "datatype": "collection",
            "name": "eventobject"
        }],
        "contextObj": {
            "name": "frmCalendar",
            "type": "forms",
            "platform": null,
            "KUID": "ec00a85f6bc3463595dd567e10f739cd"
        },
        "actions": [{
            "id": "INVOKE_FUNCTION___0c72cebc8b8445fa841d16ffa7e87dfb",
            "type": "INVOKE_FUNCTION",
            "sequenceKUID": "showEventsForSelectedDate",
            "display": "showEventsForSelectedDate",
            "inputparams": [],
            "parentId": null,
            "callbackType": null
        }]
    }
}