{
    "AS_Form_300ef22240354c0c8a80556d0ea6cc5b": {
        "id": "AS_Form_300ef22240354c0c8a80556d0ea6cc5b",
        "type": "ACTION_SEQUENCE",
        "params": [{
            "datatype": "collection",
            "name": "eventobject"
        }],
        "contextObj": {
            "name": "frmHome",
            "type": "forms",
            "platform": "",
            "KUID": "9fce8775b7244133ae30f68b61418bc2"
        },
        "actions": [{
            "id": "INVOKE_FUNCTION___04eb88b8b5b24cffb5ba0b9a0f9db3f0",
            "type": "INVOKE_FUNCTION",
            "sequenceKUID": "invokeFFI",
            "display": "invokeFFI",
            "inputparams": [],
            "parentId": null,
            "callbackType": null
        }]
    }
}