{
    "DNDConfig": null,
    "__parentReadjusting__": false,
    "_height_": {
        "type": "string",
        "value": "100%"
    },
    "_left_": {
        "type": "string",
        "value": "0dp"
    },
    "_margin_": [
        0,
        0,
        0,
        0
    ],
    "_orientation_": 6,
    "_padding_": [
        0,
        0,
        0,
        0
    ],
    "_percent_": true,
    "_skin_": "s0525e2708a644ee8b92759a60fcbf40",
    "_top_": {
        "type": "string",
        "value": "0dp"
    },
    "_width_": {
        "type": "string",
        "value": "40%"
    },
    "allboxes": [],
    "autogrowmode": 0,
    "canUpdateUI": true,
    "children": [
        "lblStartTime",
        "lblEndTime"
    ],
    "clipbounds": true,
    "containerId": true,
    "containerweight": 100,
    "enablescrolling": true,
    "id": "FlexContainer05615ddcd057444",
    "info": null,
    "isvisible": true,
    "kuid": "6f95a3cb13714df489acc2c005c9b737",
    "layouttype": 4,
    "name": "kony.ui.FlexContainer",
    "parent": "FlexContainer0866fa824cb7e4b",
    "pf": "segTemCalEventsForGridView",
    "snapgridsize": 10,
    "snaptogrid": true,
    "wType": "FlexContainer",
    "widgetalignment": 1
}