{
    "DNDConfig": null,
    "__parentReadjusting__": false,
    "_height_": {
        "type": "string",
        "value": "40%"
    },
    "_left_": {
        "type": "string",
        "value": "0dp"
    },
    "_margin_": [
        0,
        0,
        0,
        0
    ],
    "_orientation_": 6,
    "_padding_": [
        0,
        0,
        0,
        0
    ],
    "_percent_": true,
    "_skin_": "s8708c34980a4bc9b1a5032c646391a0",
    "_top_": {
        "type": "string",
        "value": "0dp"
    },
    "_width_": {
        "type": "string",
        "value": "100%"
    },
    "allboxes": [],
    "autogrowmode": 0,
    "canUpdateUI": true,
    "children": [
        "FlexContainer05615ddcd057444",
        "FlexContainer0f7cb8d372dce42"
    ],
    "clipbounds": true,
    "containerId": true,
    "containerweight": 100,
    "enablescrolling": true,
    "id": "FlexContainer0866fa824cb7e4b",
    "info": null,
    "isTemplate": true,
    "isvisible": true,
    "kuid": "a0ced67ea17b46008d2d8294a0b7771a",
    "layouttype": 3,
    "name": "kony.ui.FlexContainer",
    "parent": "segTemCalEventsForGridView",
    "pf": "segTemCalEventsForGridView",
    "snapgridsize": 10,
    "snaptogrid": true,
    "wType": "FlexContainer",
    "widgetalignment": 1
}